{"cameraMode":{"drawMode":0,"name":"Shaded","section":"Shading Mode"},"sceneLighting":true,"audioPlay":false,"sceneViewState":{"showFog":false,"showMaterialUpdate":false,"showSkybox":true,"showFlares":false,"showImageEffects":false,"showParticleSystems":false},"in2DMode":false,"pivot":{"x":2.0064010620117189,"y":21.770111083984376,"z":3.7421722412109377},"rotation":{"x":-0.3668675720691681,"y":0.04966170713305473,"z":-0.01962791197001934,"w":-0.9287503957748413},"size":108.1925277709961,"orthographic":false}